<?xml version="1.0" encoding="UTF-8"?>
<rss version="2.0" xmlns:ror="http://rorweb.com/0.1/" >
<channel>
  <title>ROR Sitemap for http://www.fahrrad.ginzinger.at/</title>
  <link>http://www.fahrrad.ginzinger.at/</link>

<item>
     <link>https://www.fahrrad.ginzinger.at/</link>
     <title>Zweirad Ginzinger Fahrrad dein Fahrradfachhändler in Ried/Innkreis Oberösterreich</title>
     <description>Fahrräder im Oberösterreich kauft man bei Zweirad Ginzinger in Ried im Innkreis. Vom Kinderrad bis zur Downhillrakete. Fachberatung und Service machen den UNterschied </description>
     <ror:updatePeriod></ror:updatePeriod>
     <ror:sortOrder>0</ror:sortOrder>
     <ror:resourceOf>sitemap</ror:resourceOf>
</item>
<item>
     <link>https://www.fahrrad.ginzinger.at/mtb/index.html</link>
     <title>Zweirad Ginzinger Fahrrad dein Fahrradfachhändler in Ried/Innkreis Oberösterreich</title>
     <description>Mountainbikes findest man bei Zweirad Ginzinger zu einen spitzen Preis. Durch Fachberatung und Service helfen wir dir, das passende Rad zu finden.</description>
     <ror:updatePeriod></ror:updatePeriod>
     <ror:sortOrder>1</ror:sortOrder>
     <ror:resourceOf>sitemap</ror:resourceOf>
</item>
<item>
     <link>https://www.fahrrad.ginzinger.at/ebike/index.html</link>
     <title>Zweirad Ginzinger Fahrrad dein Fahrradfachhändler in Ried/Innkreis Oberösterreich</title>
     <description>Mit E-Bikes von Zweirad Ginzinger in Ried im Innkreis ist jede Fahrt ein Kinderspiel. Durch spitzen Auswahl und Fachberatung wird dir der Fahrradkauf leicht gemacht.</description>
     <ror:updatePeriod></ror:updatePeriod>
     <ror:sortOrder>1</ror:sortOrder>
     <ror:resourceOf>sitemap</ror:resourceOf>
</item>
<item>
     <link>https://www.fahrrad.ginzinger.at/rennrad/index.html</link>
     <title>Zweirad Ginzinger Fahrrad dein Fahrradfachhändler in Ried/Innkreis Oberösterreich</title>
     <description>Mit den Rennrädern von Zweirad Ginzinger hast du immer die Nase vorne. Hol' dir deinen Sieg und ein Rennrad von Ginzinger.</description>
     <ror:updatePeriod></ror:updatePeriod>
     <ror:sortOrder>1</ror:sortOrder>
     <ror:resourceOf>sitemap</ror:resourceOf>
</item>
<item>
     <link>https://www.fahrrad.ginzinger.at/widerruf.html</link>
     <title>Widerruf auf Ginzinger GMBH</title>
     <description>Widerruf und Rücktritterklärung der Ginzinger GMBH Onlineshop</description>
     <ror:updatePeriod></ror:updatePeriod>
     <ror:sortOrder>1</ror:sortOrder>
     <ror:resourceOf>sitemap</ror:resourceOf>
</item>
<item>
     <link>https://www.fahrrad.ginzinger.at/agb.html</link>
     <title>Allgemeine Geschäftsbedingungen der Ginzinger GMBH</title>
     <description>Die Geschäftbedingungen für den Webshop der Ginzinger GMBH Onlineshop</description>
     <ror:updatePeriod></ror:updatePeriod>
     <ror:sortOrder>1</ror:sortOrder>
     <ror:resourceOf>sitemap</ror:resourceOf>
</item>
<item>
     <link>https://www.fahrrad.ginzinger.at/impressum.html</link>
     <title>Impressum der Ginzinger GMBH Fahrrad</title>
     <description>Ginzinger GMBH Fahrrad in 4910 Ried Oberösterreich wir handeln mit Fahrrädern Mountainbikes und Ebikes, </description>
     <ror:updatePeriod></ror:updatePeriod>
     <ror:sortOrder>1</ror:sortOrder>
     <ror:resourceOf>sitemap</ror:resourceOf>
</item>
<item>
     <link>https://www.fahrrad.ginzinger.at/datenschutz.html</link>
     <title>Datenschutzerklärung</title>
     <description>Die Ginzinger GMBH nimmt den Datenschutz ernst und behandelt ihre Daten natürlich vertraulich </description>
     <ror:updatePeriod></ror:updatePeriod>
     <ror:sortOrder>1</ror:sortOrder>
     <ror:resourceOf>sitemap</ror:resourceOf>
</item>
<item>
     <link>https://www.fahrrad.ginzinger.at/lieferkosten.html</link>
     <title>Ginzinger GMBH Lieferkosten für bestellte Produkte </title>
     <description>Lieferkosten, Frachtkosten,Onlinebestellung, Spedition, DPD,Postpaket, Onlineshop</description>
     <ror:updatePeriod></ror:updatePeriod>
     <ror:sortOrder>1</ror:sortOrder>
     <ror:resourceOf>sitemap</ror:resourceOf>
</item>
</channel>
</rss>
  